county_id,county,fiscal_year,institution,before_findings,after_findings,source_document_ids
3,Nairobi County,2021/2022,executives,0,34,2447
3,Nairobi County,2021/2022,assemblies,0,19,2448
4,Mombasa County,2021/2022,executives,0,22,2447
4,Mombasa County,2021/2022,assemblies,0,2,2448
5,Kwale County,2021/2022,executives,0,8,2447
5,Kwale County,2021/2022,assemblies,0,25,2448
6,Kilifi County,2021/2022,executives,0,16,2447
6,Kilifi County,2021/2022,assemblies,0,4,2448
7,Tana River County,2021/2022,executives,0,21,2447
7,Tana River County,2021/2022,assemblies,0,11,2448
8,Lamu County,2021/2022,executives,0,21,2447
8,Lamu County,2021/2022,assemblies,0,11,2448
9,Taita Taveta County,2021/2022,executives,0,23,2447
9,Taita Taveta County,2021/2022,assemblies,0,14,2448
10,Garissa County,2021/2022,executives,0,23,2447
10,Garissa County,2021/2022,assemblies,0,7,2448
11,Wajir County,2021/2022,executives,0,24,2447
11,Wajir County,2021/2022,assemblies,0,15,2448
12,Mandera County,2021/2022,executives,0,19,2447
12,Mandera County,2021/2022,assemblies,0,5,2448
13,Marsabit County,2021/2022,executives,0,29,2447
13,Marsabit County,2021/2022,assemblies,0,16,2448
14,Isiolo County,2021/2022,executives,0,32,2447
14,Isiolo County,2021/2022,assemblies,0,9,2448
15,Meru County,2021/2022,executives,0,18,2447
15,Meru County,2021/2022,assemblies,0,11,2448
16,Tharaka Nithi County,2021/2022,executives,0,31,2447
16,Tharaka Nithi County,2021/2022,assemblies,0,16,2448
17,Embu County,2021/2022,executives,0,23,2447
17,Embu County,2021/2022,assemblies,0,22,2448
18,Kitui County,2021/2022,executives,0,36,2447
18,Kitui County,2021/2022,assemblies,0,12,2448
19,Machakos County,2021/2022,executives,0,24,2447
19,Machakos County,2021/2022,assemblies,0,10,2448
20,Makueni County,2021/2022,executives,0,17,2447
20,Makueni County,2021/2022,assemblies,0,8,2448
21,Nyandarua County,2021/2022,executives,0,27,2447
21,Nyandarua County,2021/2022,assemblies,0,8,2448
22,Nyeri County,2021/2022,executives,0,14,2447
22,Nyeri County,2021/2022,assemblies,0,6,2448
23,Kirinyaga County,2021/2022,executives,0,16,2447
23,Kirinyaga County,2021/2022,assemblies,0,7,2448
24,Murang'a County,2021/2022,executives,0,19,2447
24,Murang'a County,2021/2022,assemblies,0,11,2448
25,Kiambu County,2021/2022,executives,0,33,2447
25,Kiambu County,2021/2022,assemblies,0,16,2448
26,Turkana County,2021/2022,executives,0,19,2447
26,Turkana County,2021/2022,assemblies,0,20,2448
27,West Pokot County,2021/2022,executives,0,20,2447
27,West Pokot County,2021/2022,assemblies,0,16,2448
28,Samburu County,2021/2022,executives,0,18,2447
28,Samburu County,2021/2022,assemblies,0,8,2448
29,Trans Nzoia County,2021/2022,executives,0,23,2447
29,Trans Nzoia County,2021/2022,assemblies,0,10,2448
30,Uasin Gishu County,2021/2022,executives,0,15,2447
30,Uasin Gishu County,2021/2022,assemblies,0,9,2448
31,Elgeyo Marakwet County,2021/2022,executives,0,16,2447
31,Elgeyo Marakwet County,2021/2022,assemblies,0,8,2448
32,Nandi County,2021/2022,executives,0,14,2447
32,Nandi County,2021/2022,assemblies,0,16,2448
33,Baringo County,2021/2022,executives,0,34,2447
33,Baringo County,2021/2022,assemblies,0,12,2448
34,Laikipia County,2021/2022,executives,0,15,2447
34,Laikipia County,2021/2022,assemblies,0,8,2448
35,Nakuru County,2021/2022,executives,0,53,2447
35,Nakuru County,2021/2022,assemblies,0,10,2448
36,Narok County,2021/2022,executives,0,25,2447
36,Narok County,2021/2022,assemblies,0,13,2448
37,Kajiado County,2021/2022,executives,0,24,2447
37,Kajiado County,2021/2022,assemblies,0,10,2448
38,Kericho County,2021/2022,executives,0,26,2447
38,Kericho County,2021/2022,assemblies,0,5,2448
39,Bomet County,2021/2022,executives,0,23,2447
39,Bomet County,2021/2022,assemblies,0,14,2448
40,Kakamega County,2021/2022,executives,0,15,2447
40,Kakamega County,2021/2022,assemblies,0,11,2448
41,Vihiga County,2021/2022,executives,0,21,2447
41,Vihiga County,2021/2022,assemblies,0,17,2448
42,Bungoma County,2021/2022,executives,0,24,2447
42,Bungoma County,2021/2022,assemblies,0,3,2448
43,Busia County,2021/2022,executives,0,14,2447
43,Busia County,2021/2022,assemblies,0,6,2448
44,Siaya County,2021/2022,executives,0,32,2447
44,Siaya County,2021/2022,assemblies,0,11,2448
45,Kisumu County,2021/2022,executives,0,25,2447
45,Kisumu County,2021/2022,assemblies,0,7,2448
46,Homa Bay County,2021/2022,executives,0,25,2447
46,Homa Bay County,2021/2022,assemblies,0,17,2448
47,Migori County,2021/2022,executives,0,26,2447
47,Migori County,2021/2022,assemblies,0,18,2448
48,Kisii County,2021/2022,executives,0,28,2447
48,Kisii County,2021/2022,assemblies,0,10,2448
49,Nyamira County,2021/2022,executives,0,17,2447
49,Nyamira County,2021/2022,assemblies,0,8,2448
3,Nairobi County,2022/2023,executives,0,42,2445
3,Nairobi County,2022/2023,assemblies,0,27,2446
4,Mombasa County,2022/2023,executives,0,19,2445
4,Mombasa County,2022/2023,assemblies,0,4,2446
5,Kwale County,2022/2023,executives,0,7,2445
5,Kwale County,2022/2023,assemblies,0,6,2446
6,Kilifi County,2022/2023,executives,0,21,2445
6,Kilifi County,2022/2023,assemblies,0,8,2446
7,Tana River County,2022/2023,executives,0,27,2445
7,Tana River County,2022/2023,assemblies,0,13,2446
8,Lamu County,2022/2023,executives,0,31,2445
8,Lamu County,2022/2023,assemblies,0,13,2446
9,Taita Taveta County,2022/2023,executives,0,12,2445
9,Taita Taveta County,2022/2023,assemblies,0,6,2446
10,Garissa County,2022/2023,executives,0,14,2445
10,Garissa County,2022/2023,assemblies,0,6,2446
11,Wajir County,2022/2023,executives,0,21,2445
11,Wajir County,2022/2023,assemblies,0,7,2446
12,Mandera County,2022/2023,executives,0,16,2445
12,Mandera County,2022/2023,assemblies,0,7,2446
13,Marsabit County,2022/2023,executives,0,31,2445
13,Marsabit County,2022/2023,assemblies,0,9,2446
14,Isiolo County,2022/2023,executives,0,15,2445
14,Isiolo County,2022/2023,assemblies,0,14,2446
15,Meru County,2022/2023,executives,0,18,2445
15,Meru County,2022/2023,assemblies,0,8,2446
16,Tharaka Nithi County,2022/2023,executives,0,19,2445
16,Tharaka Nithi County,2022/2023,assemblies,0,10,2446
17,Embu County,2022/2023,executives,0,25,2445
17,Embu County,2022/2023,assemblies,0,17,2446
18,Kitui County,2022/2023,executives,0,25,2445
18,Kitui County,2022/2023,assemblies,0,11,2446
19,Machakos County,2022/2023,executives,0,29,2445
19,Machakos County,2022/2023,assemblies,0,12,2446
20,Makueni County,2022/2023,executives,0,25,2445
20,Makueni County,2022/2023,assemblies,0,16,2446
21,Nyandarua County,2022/2023,executives,0,16,2445
21,Nyandarua County,2022/2023,assemblies,0,12,2446
22,Nyeri County,2022/2023,executives,0,9,2445
22,Nyeri County,2022/2023,assemblies,0,11,2446
23,Kirinyaga County,2022/2023,executives,0,12,2445
23,Kirinyaga County,2022/2023,assemblies,0,6,2446
24,Murang'a County,2022/2023,executives,0,28,2445
24,Murang'a County,2022/2023,assemblies,0,8,2446
25,Kiambu County,2022/2023,executives,0,55,2445
25,Kiambu County,2022/2023,assemblies,0,18,2446
26,Turkana County,2022/2023,executives,0,18,2445
26,Turkana County,2022/2023,assemblies,0,15,2446
27,West Pokot County,2022/2023,executives,0,22,2445
27,West Pokot County,2022/2023,assemblies,0,11,2446
28,Samburu County,2022/2023,executives,0,19,2445
28,Samburu County,2022/2023,assemblies,0,13,2446
29,Trans Nzoia County,2022/2023,executives,0,18,2445
29,Trans Nzoia County,2022/2023,assemblies,0,8,2446
30,Uasin Gishu County,2022/2023,executives,0,16,2445
30,Uasin Gishu County,2022/2023,assemblies,0,12,2446
31,Elgeyo Marakwet County,2022/2023,executives,0,20,2445
31,Elgeyo Marakwet County,2022/2023,assemblies,0,7,2446
32,Nandi County,2022/2023,executives,0,16,2445
32,Nandi County,2022/2023,assemblies,0,9,2446
33,Baringo County,2022/2023,executives,0,25,2445
33,Baringo County,2022/2023,assemblies,0,9,2446
34,Laikipia County,2022/2023,executives,0,11,2445
34,Laikipia County,2022/2023,assemblies,0,14,2446
35,Nakuru County,2022/2023,executives,0,30,2445
35,Nakuru County,2022/2023,assemblies,0,10,2446
36,Narok County,2022/2023,executives,0,24,2445
36,Narok County,2022/2023,assemblies,0,11,2446
37,Kajiado County,2022/2023,executives,0,25,2445
37,Kajiado County,2022/2023,assemblies,0,12,2446
38,Kericho County,2022/2023,executives,0,21,2445
38,Kericho County,2022/2023,assemblies,0,7,2446
39,Bomet County,2022/2023,executives,0,18,2445
39,Bomet County,2022/2023,assemblies,0,9,2446
40,Kakamega County,2022/2023,executives,0,15,2445
40,Kakamega County,2022/2023,assemblies,0,10,2446
41,Vihiga County,2022/2023,executives,0,24,2445
41,Vihiga County,2022/2023,assemblies,0,20,2446
42,Bungoma County,2022/2023,executives,0,31,2445
42,Bungoma County,2022/2023,assemblies,0,4,2446
43,Busia County,2022/2023,executives,0,17,2445
43,Busia County,2022/2023,assemblies,0,5,2446
44,Siaya County,2022/2023,executives,0,23,2445
44,Siaya County,2022/2023,assemblies,0,12,2446
45,Kisumu County,2022/2023,executives,0,43,2445
45,Kisumu County,2022/2023,assemblies,0,8,2446
46,Homa Bay County,2022/2023,executives,0,16,2445
46,Homa Bay County,2022/2023,assemblies,0,11,2446
47,Migori County,2022/2023,executives,0,23,2445
47,Migori County,2022/2023,assemblies,0,21,2446
48,Kisii County,2022/2023,executives,0,22,2445
48,Kisii County,2022/2023,assemblies,0,12,2446
49,Nyamira County,2022/2023,executives,0,27,2445
49,Nyamira County,2022/2023,assemblies,0,14,2446
3,Nairobi County,2023/2024,executives,0,45,2443
3,Nairobi County,2023/2024,assemblies,0,11,2444
4,Mombasa County,2023/2024,executives,0,16,2443
4,Mombasa County,2023/2024,assemblies,0,7,2444
5,Kwale County,2023/2024,executives,0,11,2443
5,Kwale County,2023/2024,assemblies,0,7,2444
6,Kilifi County,2023/2024,executives,0,23,2443
6,Kilifi County,2023/2024,assemblies,0,6,2444
7,Tana River County,2023/2024,executives,0,30,2443
7,Tana River County,2023/2024,assemblies,0,16,2444
8,Lamu County,2023/2024,executives,0,20,2443
8,Lamu County,2023/2024,assemblies,0,5,2444
9,Taita Taveta County,2023/2024,executives,0,15,2443
9,Taita Taveta County,2023/2024,assemblies,0,12,2444
10,Garissa County,2023/2024,executives,0,19,2443
10,Garissa County,2023/2024,assemblies,0,10,2444
11,Wajir County,2023/2024,executives,0,20,2443
11,Wajir County,2023/2024,assemblies,0,13,2444
12,Mandera County,2023/2024,executives,0,20,2443
12,Mandera County,2023/2024,assemblies,0,10,2444
13,Marsabit County,2023/2024,executives,0,24,2443
13,Marsabit County,2023/2024,assemblies,0,14,2444
14,Isiolo County,2023/2024,executives,0,17,2443
14,Isiolo County,2023/2024,assemblies,0,14,2444
15,Meru County,2023/2024,executives,0,18,2443
15,Meru County,2023/2024,assemblies,0,8,2444
16,Tharaka Nithi County,2023/2024,executives,0,18,2443
16,Tharaka Nithi County,2023/2024,assemblies,0,12,2444
17,Embu County,2023/2024,executives,0,19,2443
17,Embu County,2023/2024,assemblies,0,10,2444
18,Kitui County,2023/2024,executives,0,19,2443
18,Kitui County,2023/2024,assemblies,0,12,2444
19,Machakos County,2023/2024,executives,0,23,2443
19,Machakos County,2023/2024,assemblies,0,12,2444
20,Makueni County,2023/2024,executives,0,9,2443
20,Makueni County,2023/2024,assemblies,0,12,2444
21,Nyandarua County,2023/2024,executives,0,29,2443
21,Nyandarua County,2023/2024,assemblies,0,15,2444
22,Nyeri County,2023/2024,executives,0,21,2443
22,Nyeri County,2023/2024,assemblies,0,16,2444
23,Kirinyaga County,2023/2024,executives,0,14,2443
23,Kirinyaga County,2023/2024,assemblies,0,5,2444
24,Murang'a County,2023/2024,executives,0,11,2443
24,Murang'a County,2023/2024,assemblies,0,9,2444
25,Kiambu County,2023/2024,executives,0,31,2443
25,Kiambu County,2023/2024,assemblies,0,13,2444
26,Turkana County,2023/2024,executives,0,20,2443
26,Turkana County,2023/2024,assemblies,0,10,2444
27,West Pokot County,2023/2024,executives,0,21,2443
27,West Pokot County,2023/2024,assemblies,0,9,2444
28,Samburu County,2023/2024,executives,0,14,2443
28,Samburu County,2023/2024,assemblies,0,19,2444
29,Trans Nzoia County,2023/2024,executives,0,29,2443
29,Trans Nzoia County,2023/2024,assemblies,0,7,2444
30,Uasin Gishu County,2023/2024,executives,0,33,2443
30,Uasin Gishu County,2023/2024,assemblies,0,16,2444
31,Elgeyo Marakwet County,2023/2024,executives,0,24,2443
31,Elgeyo Marakwet County,2023/2024,assemblies,0,10,2444
32,Nandi County,2023/2024,executives,0,22,2443
32,Nandi County,2023/2024,assemblies,0,14,2444
33,Baringo County,2023/2024,executives,0,25,2443
33,Baringo County,2023/2024,assemblies,0,7,2444
34,Laikipia County,2023/2024,executives,0,21,2443
34,Laikipia County,2023/2024,assemblies,0,11,2444
35,Nakuru County,2023/2024,executives,0,38,2443
35,Nakuru County,2023/2024,assemblies,0,7,2444
36,Narok County,2023/2024,executives,0,31,2443
36,Narok County,2023/2024,assemblies,0,15,2444
37,Kajiado County,2023/2024,executives,0,21,2443
37,Kajiado County,2023/2024,assemblies,0,12,2444
38,Kericho County,2023/2024,executives,0,23,2443
38,Kericho County,2023/2024,assemblies,0,6,2444
39,Bomet County,2023/2024,executives,0,21,2443
39,Bomet County,2023/2024,assemblies,0,10,2444
40,Kakamega County,2023/2024,executives,0,15,2443
40,Kakamega County,2023/2024,assemblies,0,11,2444
41,Vihiga County,2023/2024,executives,0,26,2443
41,Vihiga County,2023/2024,assemblies,0,18,2444
42,Bungoma County,2023/2024,executives,0,21,2443
42,Bungoma County,2023/2024,assemblies,0,6,2444
43,Busia County,2023/2024,executives,0,31,2443
43,Busia County,2023/2024,assemblies,0,13,2444
44,Siaya County,2023/2024,executives,0,20,2443
44,Siaya County,2023/2024,assemblies,0,12,2444
45,Kisumu County,2023/2024,executives,0,39,2443
45,Kisumu County,2023/2024,assemblies,0,11,2444
46,Homa Bay County,2023/2024,executives,0,23,2443
46,Homa Bay County,2023/2024,assemblies,0,25,2444
47,Migori County,2023/2024,executives,0,20,2443
47,Migori County,2023/2024,assemblies,0,12,2444
48,Kisii County,2023/2024,executives,0,23,2443
48,Kisii County,2023/2024,assemblies,0,17,2444
49,Nyamira County,2023/2024,executives,0,14,2443
49,Nyamira County,2023/2024,assemblies,0,14,2444
3,Nairobi County,2024/2025,executives,0,40,2441
3,Nairobi County,2024/2025,assemblies,0,10,2442
4,Mombasa County,2024/2025,executives,0,17,2441
4,Mombasa County,2024/2025,assemblies,0,3,2442
5,Kwale County,2024/2025,executives,0,16,2441
5,Kwale County,2024/2025,assemblies,0,6,2442
6,Kilifi County,2024/2025,executives,0,29,2441
6,Kilifi County,2024/2025,assemblies,0,14,2442
7,Tana River County,2024/2025,executives,0,33,2441
7,Tana River County,2024/2025,assemblies,0,10,2442
8,Lamu County,2024/2025,executives,0,16,2441
8,Lamu County,2024/2025,assemblies,0,9,2442
9,Taita Taveta County,2024/2025,executives,0,18,2441
9,Taita Taveta County,2024/2025,assemblies,0,6,2442
10,Garissa County,2024/2025,executives,0,22,2441
10,Garissa County,2024/2025,assemblies,0,15,2442
11,Wajir County,2024/2025,executives,0,38,2441
11,Wajir County,2024/2025,assemblies,0,10,2442
12,Mandera County,2024/2025,executives,0,25,2441
12,Mandera County,2024/2025,assemblies,0,8,2442
13,Marsabit County,2024/2025,executives,0,27,2441
13,Marsabit County,2024/2025,assemblies,0,15,2442
14,Isiolo County,2024/2025,executives,0,39,2441
14,Isiolo County,2024/2025,assemblies,0,17,2442
15,Meru County,2024/2025,executives,0,25,2441
15,Meru County,2024/2025,assemblies,0,7,2442
16,Tharaka Nithi County,2024/2025,executives,0,19,2441
16,Tharaka Nithi County,2024/2025,assemblies,0,14,2442
17,Embu County,2024/2025,executives,0,35,2441
17,Embu County,2024/2025,assemblies,0,13,2442
18,Kitui County,2024/2025,executives,0,15,2441
18,Kitui County,2024/2025,assemblies,0,5,2442
19,Machakos County,2024/2025,executives,0,16,2441
19,Machakos County,2024/2025,assemblies,0,7,2442
20,Makueni County,2024/2025,executives,0,9,2441
20,Makueni County,2024/2025,assemblies,0,4,2442
21,Nyandarua County,2024/2025,executives,0,24,2441
21,Nyandarua County,2024/2025,assemblies,0,14,2442
22,Nyeri County,2024/2025,executives,0,11,2441
22,Nyeri County,2024/2025,assemblies,0,16,2442
23,Kirinyaga County,2024/2025,executives,0,21,2441
23,Kirinyaga County,2024/2025,assemblies,0,9,2442
24,Murang'a County,2024/2025,executives,0,23,2441
24,Murang'a County,2024/2025,assemblies,0,11,2442
25,Kiambu County,2024/2025,executives,0,46,2441
25,Kiambu County,2024/2025,assemblies,0,22,2442
26,Turkana County,2024/2025,executives,0,17,2441
26,Turkana County,2024/2025,assemblies,0,15,2442
27,West Pokot County,2024/2025,executives,0,29,2441
27,West Pokot County,2024/2025,assemblies,0,11,2442
28,Samburu County,2024/2025,executives,0,39,2441
28,Samburu County,2024/2025,assemblies,0,27,2442
29,Trans Nzoia County,2024/2025,executives,0,24,2441
29,Trans Nzoia County,2024/2025,assemblies,0,11,2442
30,Uasin Gishu County,2024/2025,executives,0,47,2441
30,Uasin Gishu County,2024/2025,assemblies,0,22,2442
31,Elgeyo Marakwet County,2024/2025,executives,0,32,2441
31,Elgeyo Marakwet County,2024/2025,assemblies,0,10,2442
32,Nandi County,2024/2025,executives,0,32,2441
32,Nandi County,2024/2025,assemblies,0,12,2442
33,Baringo County,2024/2025,executives,0,25,2441
33,Baringo County,2024/2025,assemblies,0,14,2442
34,Laikipia County,2024/2025,executives,0,15,2441
34,Laikipia County,2024/2025,assemblies,0,21,2442
35,Nakuru County,2024/2025,executives,0,23,2441
35,Nakuru County,2024/2025,assemblies,0,17,2442
36,Narok County,2024/2025,executives,0,25,2441
36,Narok County,2024/2025,assemblies,0,14,2442
37,Kajiado County,2024/2025,executives,0,22,2441
37,Kajiado County,2024/2025,assemblies,0,8,2442
38,Kericho County,2024/2025,executives,0,51,2441
38,Kericho County,2024/2025,assemblies,0,12,2442
39,Bomet County,2024/2025,executives,0,44,2441
39,Bomet County,2024/2025,assemblies,0,9,2442
40,Kakamega County,2024/2025,executives,0,22,2441
40,Kakamega County,2024/2025,assemblies,0,13,2442
41,Vihiga County,2024/2025,executives,0,22,2441
41,Vihiga County,2024/2025,assemblies,0,13,2442
42,Bungoma County,2024/2025,executives,0,37,2441
42,Bungoma County,2024/2025,assemblies,0,8,2442
43,Busia County,2024/2025,executives,0,37,2441
43,Busia County,2024/2025,assemblies,0,16,2442
44,Siaya County,2024/2025,executives,0,37,2441
44,Siaya County,2024/2025,assemblies,0,12,2442
45,Kisumu County,2024/2025,executives,0,28,2441
45,Kisumu County,2024/2025,assemblies,0,15,2442
46,Homa Bay County,2024/2025,executives,0,18,2441
46,Homa Bay County,2024/2025,assemblies,0,12,2442
47,Migori County,2024/2025,executives,0,23,2441
47,Migori County,2024/2025,assemblies,0,17,2442
48,Kisii County,2024/2025,executives,0,26,2441
48,Kisii County,2024/2025,assemblies,0,14,2442
49,Nyamira County,2024/2025,executives,0,30,2441
49,Nyamira County,2024/2025,assemblies,0,14,2442
