fiscal_year,institution,publisher,scope,source_document_id,state,source_status,published_findings,published_counties,expected_counties,chapters_attributed,observed_md5,cached_accepted_md5,cached_accepted_sha256,source_url,local_accepted_findings,latest_attempt_status,refusal_reason,observed_at,job_id
2024/2025,executives,Office of the Auditor-General,county_volume,2542,complete,AVAILABLE,1269,47,47,47,87d03cbfca0e51a9c4183f89f5c8067a,87d03cbfca0e51a9c4183f89f5c8067a,033e2aa26aa77351ec46f062573f25ede47d3e3a99978aeacf9a66af5ba717a5,https://www.oagkenya.go.ke/wp-content/uploads/2026/05/AUDITOR-GENERALS-REPORT-ON-COUNTY-GOVERNMENTS-COUNTY-EXECUTIVES-2024-2025-1.pdf,1269,complete,,2026-10-01T03:15:02.595642+00:00,3176
2024/2025,assemblies,Office of the Auditor-General,county_volume,2541,complete,AVAILABLE,582,47,47,47,f495cb595c81583af7d8bbd46e2279d6,f495cb595c81583af7d8bbd46e2279d6,aa72b0a512fe01ce8f40b9ed8597bd78657a9f441a8daf4963b07e661104d896,https://www.oagkenya.go.ke/wp-content/uploads/2026/05/AUDITOR-GENERALS-REPORT-ON-COUNTY-GOVERNMENTS-COUNTY-ASSEMBLIES-2024-2025-1.pdf,582,complete,,2026-10-01T03:15:02.595642+00:00,3176
2023/2024,executives,Office of the Auditor-General,county_volume,2539,complete,AVAILABLE,1047,47,47,47,0c0f7b1eb6f63d3b16d0720ed627da40,0c0f7b1eb6f63d3b16d0720ed627da40,bf36d9e65b7403f9ce66eaf32890834f546ca3674c331a2d5f734f9e68c59bcd,https://www.oagkenya.go.ke/wp-content/uploads/2025/02/GREEN-BOOK-EXECUTIVES-2024-FINAL-5.3.2025-SIGNED.pdf,1047,complete,,2026-10-01T03:15:02.595642+00:00,3176
2023/2024,assemblies,Office of the Auditor-General,county_volume,2540,deferred_registered_not_fetched,FAILED,0,0,47,,,15cd6108a0f08498a9e9f699430b365b,683fa522bf11eaa2b0bc2a9eef51eadc3d664d9a512d3af63cb6e9479820f8a2,https://www.oagkenya.go.ke/wp-content/uploads/2025/02/GREEN-BOOK-ASSEMBLIES-2024-FINAL-01-April-2025-KLB.pdf,541,,,2026-10-01T03:15:02.595642+00:00,3176
2022/2023,executives,Office of the Auditor-General,county_volume,2537,deferred_registered_not_fetched,FAILED,0,0,47,,,f49345102b734ddc4825110e44ef9113,e873eb8a2f5b24366b4b847e529c832ef42d2aea02702a015597c6c406f9b953,https://www.oagkenya.go.ke/wp-content/uploads/2024/04/GREEN-BOOK-COUNTY-EXECUTIVES-VOL-1-2022-2023-1.pdf,1041,,,2026-10-01T03:15:02.595642+00:00,3176
2022/2023,assemblies,Office of the Auditor-General,county_volume,2536,deferred_registered_not_fetched,FAILED,0,0,47,,,1e757ebf2480ab1959dd7e86e8fffddf,5c0ebf31a7cd6dc07558e55507b2b5228fb9a653e638a39abd72beffa46674cf,https://www.oagkenya.go.ke/wp-content/uploads/2024/04/GREEN-BOOK-COUNTY-ASSEMBLIES-VOL.-2-2022-2023.pdf,513,,,2026-10-01T03:15:02.595642+00:00,3176
2021/2022,executives,Office of the Auditor-General,county_volume,2535,deferred_registered_not_fetched,FAILED,0,0,47,,,cda52424386d5ab6afae21a4dc9dcde7,0cc278f2ac0cc11be86b03dea6f7f7c97710c3f3903145716f403292967387fe,https://www.oagkenya.go.ke/wp-content/uploads/2023/07/AUDITOR-GENERAL-S-REPORT-ON-THE-COUNTY-GOVERNMENTS-COUNTY-EXECUTIVES-2021-2022-VOLUME-1.pdf,1082,,,2026-10-01T03:15:02.595642+00:00,3176
2021/2022,assemblies,Office of the Auditor-General,county_volume,2534,deferred_registered_not_fetched,FAILED,0,0,47,,,6ac0f20f7a8bfe535775bccb1e81bdcc,07db60417ab122a6082fea3ec4bf70b5038e7eb3554d1e9ca1f5fee0eae5d50c,https://www.oagkenya.go.ke/wp-content/uploads/2023/07/AUDITOR-GENERAL-S-REPORT-ON-THE-COUNTY-GOVERNMENTS-COUNTY-ASSEMBLES-2021-2022-VOLUME-2.pdf,532,,,2026-10-01T03:15:02.595642+00:00,3176
2024/2025,national,Office of the Auditor-General,national_blue_book_excluded,2392,refused_reconciliation_required,AVAILABLE,813,,,78,7e6a6850102a3cadcba38e1f7af9cae3,,d8c72b4fbda2c920f30f79b3e0554f9965165735d220a810e6ae3994e2dbf899,https://www.oagkenya.go.ke/wp-content/uploads/2026/05/AUDITOR-GENERALS-REPORT-ON-NATIONAL-GOVERNMENT-2024-2025.pdf,,partial,"ReconciliationRequired: document 2392: reconciliation review required; 335 retirements, 2 revisions; published evidence preserved",2026-10-01T03:15:02.595642+00:00,3176
2020/2021,executives,Office of the Auditor-General,legacy_county_volume,2395,partial_retained,AVAILABLE,986,47,47,47,f82bd20b45bb54ca6857ddd93a6a16ec,,15a1f266881cd897e168bd21f53216e7e204c5fba5af32ce2888ba67b5606504,https://www.oagkenya.go.ke/wp-content/uploads/2023/02/REPORT-OF-THE-AUDITOR-GENERAL-FOR-THE-COUNTY-GOVERNMENTS-FOR-THE-YEAR-2020-2021-_VOLUME-I-COUNTY-EXECUTIVES.pdf,,partial,IncompleteExtraction: document 2395: unreadable source text; rows kept,2026-10-01T03:15:02.595642+00:00,3176
2020/2021,assemblies,Office of the Auditor-General,legacy_county_volume,2396,partial_retained,AVAILABLE,512,47,47,47,cfa6f5c4f517309aed1cf353e9086014,,34b11075b4855e341802dd81bacc4b0f6dc4093ebb15b4c6bb00c0ad6c5a6614,https://www.oagkenya.go.ke/wp-content/uploads/2023/02/REPORT-OF-THE-AUDITOR-GENERAL-FOR-THE-COUNTY-GOVERNMENTS-FOR-THE-YEAR-2020-2021-_VOLUME-II-COUNTY-ASSEMBLIES.pdf,,partial,IncompleteExtraction: document 2396: unreadable source text; rows kept,2026-10-01T03:15:02.595642+00:00,3176
2025/2026,executives,Office of the Auditor-General,not_in_current_listing,,not_published_in_current_listing,,,,47,,,,,,,,,2026-10-01T03:15:02.595642+00:00,3176
2025/2026,assemblies,Office of the Auditor-General,not_in_current_listing,,not_published_in_current_listing,,,,47,,,,,,,,,2026-10-01T03:15:02.595642+00:00,3176
