county,table_2_6_count,chapter_summary_count,detail_rows,tables,pdf_caption_pages,summary_pdf_page,status,unit_conflicts,failed_checks
Baringo,23,23,23,3.11,70,70,agrees_with_gaps,,
Bomet,,,0,,,,unverifiable,,
Bungoma,,,0,,,,unverifiable,,
Busia,,,0,,,,unverifiable,,
Elgeyo Marakwet,2,2,1,3.76,139,139,disagrees,,count @ county summary sentence;estimated_value_kes @ county summary sentence;amount_paid_kes @ county summary sentence;estimated_value_kes @ table total row;amount_paid_kes @ table total row;count @ Table 2.6;estimated_value_kes @ Table 2.6;amount_paid_kes @ Table 2.6
Embu,,,0,,,,unverifiable,,
Garissa,4,4,4,3.106,175,175,agrees,,
Homa Bay,,,0,,,,unverifiable,,
Isiolo,7,7,7,3.138,210,210,agrees_with_gaps,,
Kajiado,,,0,,,,unverifiable,,
Kakamega,26,26,10,3.170,248,248,disagrees,,count @ county summary sentence;estimated_value_kes @ county summary sentence;amount_paid_kes @ county summary sentence;estimated_value_kes @ table total row;amount_paid_kes @ table total row;count @ Table 2.6;estimated_value_kes @ Table 2.6;amount_paid_kes @ Table 2.6
Kericho,6,6,6,3.187,268,267,agrees,,
Kiambu,2,2,2,3.204,289,288,agrees,,
Kilifi,10,10,9,3.234,322,322,disagrees,,count @ county summary sentence;count @ Table 2.6
Kirinyaga,,,0,,,,unverifiable,,
Kisii,,,0,,,,unverifiable,,
Kisumu,,,0,,,,unverifiable,,
Kitui,,,0,,,,unverifiable,,
Kwale,3,3,3,3.294,397,396,agrees,,
Laikipia,,,0,,,,unverifiable,,
Lamu,4,4,3,3.325,431,431,disagrees,,count @ county summary sentence;count @ Table 2.6
Machakos,22,22,22,3.340,453,453,agrees,,
Makueni,,,0,,,,unverifiable,,
Mandera,,,0,,,,unverifiable,,
Marsabit,,,0,,,,unverifiable,,
Meru,1,1,1,3.405,537,537,agrees,,
Migori,,,0,,,,unverifiable,,
Mombasa,,,0,,,,unverifiable,,
Murang'a,,,0,,,,unverifiable,,
Nairobi,57,57,57,3.466,611,611,disagrees,,estimated_value_kes @ county summary sentence;estimated_value_kes @ Table 2.6
Nakuru,3,3,3,3.482,638,637,agrees,,
Nandi,6,6,6,3.499,656,656,agrees_with_gaps,,
Narok,,,0,,,,unverifiable,,
Nyamira,1,1,0,,,686,disagrees,,count @ county summary sentence;count @ Table 2.6
Nyandarua,,,0,,,,unverifiable,,
Nyeri,,,0,,,,unverifiable,,
Samburu,1,1,1,3.570,741,741,agrees,,
Siaya,1,1,0,,,758,disagrees,,count @ county summary sentence;count @ Table 2.6
Taita Taveta,,,0,,,,unverifiable,,
Tana River,,,0,,,,unverifiable,,
Tharaka Nithi,1,1,1,3.628,808,808,disagrees,,amount_paid_kes @ county summary sentence;amount_paid_kes @ Table 2.6
Trans Nzoia,,1,1,3.644,825,825,disagrees,estimated_value_kes,estimated_value_kes @ county summary sentence;amount_paid_kes @ county summary sentence;amount_paid_kes @ table total row;estimated_value_kes @ Table 2.6;amount_paid_kes @ Table 2.6
Turkana,4,4,4,3.658,842,841,agrees,,
Uasin Gishu,4,4,4,3.674,857,857,agrees_with_gaps,,
Vihiga,,,0,,,,unverifiable,,
Wajir,,,0,,,,unverifiable,,
West Pokot,,,0,,,,unverifiable,,
